person_reference_id,person_name,person_given_name,person_family_name,orcid_symbol
Adrian V. Dalca,Adrian V. Dalca,Adrian V.,Dalca,0000-0002-8422-0136
Adriana E. Sedeño-Cortés,Adriana E. Sedeño-Cortés,Adriana E.,Sedeño-Cortés,0000-0001-7959-8970
Aishwarya A. Gogate,Aishwarya A. Gogate,Aishwarya A.,Gogate,0000-0002-4587-5295
Alessia Atzeni,Alessia Atzeni,Alessia,Atzeni,0000-0001-8320-230X
Alexander Dobin,Alexander Dobin,Alexander,Dobin,0000-0002-4115-9128
Allen Wang,Allen Wang,Allen,Wang,
Allison Stevens,Allison Stevens,Allison,Stevens,0000-0002-4978-0824
Amy Torkelson,Amy Torkelson,Amy,Torkelson,0000-0002-9465-4202
Ana Spajic,Ana Spajic,Ana,Spajic,0000-0002-4254-1089
Anan Li,Anan Li,Anan,Li,0000-0002-5877-4813
Andre van der Kouwe,Andre van der Kouwe,Andre,van der Kouwe,0000-0002-2754-6594
Andreas Tolias,Andreas Tolias,Andreas,Tolias,0000-0002-4305-6376
Andres Villegas-Lanau,Andres Villegas-Lanau,Andres,Villegas-Lanau,
Andrew Adey,Andrew Adey,Andrew,Adey,0000-0001-7648-8717
Andrew Aldridge,Andrew Aldridge,Andrew,Aldridge,0000-0003-1962-8802
Andrew L. Ko,Andrew L. Ko,Andrew L.,Ko,
Andrew N. Bubak,Andrew N. Bubak,Andrew N.,Bubak,0000-0002-1675-2309
Angeline Rivkin,Angeline Rivkin,Angeline,Rivkin,0000-0003-0399-9043
Anna Bartlett,Anna Bartlett,Anna,Bartlett,0000-0001-7059-4033
Anna Marie Yanny,Anna Marie Yanny,Anna Marie,Yanny,0000-0001-7250-8450
Anne Jacobi,Anne Jacobi,Anne,Jacobi,0000-0002-8197-3554
Anoop P. Patel,Anoop P. Patel,Anoop P.,Patel,
Anoushka Joglekar,Anoushka Joglekar,Anoushka,Joglekar,0000-0002-7818-6867
Anthony Kolasny,Anthony Kolasny,Anthony,Kolasny,0000-0003-2620-6210
Anthony Linares,Anthony Linares,Anthony,Linares,0000-0002-2484-7252
Antonio Pinto-Duarte,Antonio Pinto-Duarte,Antonio,Pinto-Duarte,0000-0002-2215-7653
Anubhav Sinha,Anubhav Sinha,Anubhav,Sinha,
Anup Mahurkar,Anup Mahurkar,Anup,Mahurkar,0000-0002-4999-2296
Aparna Bhaduri,Aparna Bhaduri,Aparna,Bhaduri,0000-0003-4625-6899
Arianna Gentile Polese,Arianna Gentile Polese,Arianna Gentile,Polese,
Arnold Kriegstein,Arnold Kriegstein,Arnold,Kriegstein,0000-0001-5742-2990
Aviv Regev,Aviv Regev,Aviv,Regev,
B. Dnate' Baxter,B. Dnate' Baxter,B. Dnate',Baxter,
Baldur van Lew,Baldur van Lew,Baldur,van Lew,0000-0003-0628-1264
Bin Li,Bin Li,Bin,Li,
Bing Ren,Bing Ren,Bing,Ren,0000-0002-5435-1127
Blue Lake,Blue Lake,Blue,Lake,0000-0002-8637-9044
Bo Peng,Bo Peng,Bo,Peng,0000-0001-8122-189X
Boaz Levi,Boaz Levi,Boaz,Levi,0000-0002-8346-872X
Bogdan Bintu,Bogdan Bintu,Bogdan,Bintu,0000-0001-9096-5858
Bosiljka Tasic,Bosiljka Tasic,Bosiljka,Tasic,0000-0002-6861-4506
Boudewijn P. Lelieveldt,Boudewijn P. Lelieveldt,Boudewijn P.,Lelieveldt,0000-0001-8269-7603
Bram Diamond,Bram Diamond,Bram,Diamond,0000-0002-9493-874X
Brendan O'Connell,Brendan O'Connell,Brendan,O'Connell,
Brian Cleary,Brian Cleary,Brian,Cleary,
Brian D. Aevermann,Brian D. Aevermann,Brian D.,Aevermann,0000-0003-1346-1327
Brian Edlow,Brian Edlow,Brian,Edlow,0000-0001-7235-8456
Brian Herb,Brian Herb,Brian,Herb,0000-0002-5910-9647
Brian Kalmbach,Brian Kalmbach,Brian,Kalmbach,0000-0003-3136-8097
Brian R. Lee,Brian R. Lee,Brian R.,Lee,0000-0002-3210-5638
Bridget Wicinski,Bridget Wicinski,Bridget,Wicinski,0000-0002-2972-7081
Brooke Simonton,Brooke Simonton,Brooke,Simonton,0000-0002-1366-1268
Bruce Fischl,Bruce Fischl,Bruce,Fischl,0000-0002-2413-1115
C. Dirk Keene,C. Dirk Keene,C. Dirk,Keene,
Cailyn Spurrell,Cailyn Spurrell,Cailyn,Spurrell,0000-0003-0681-3697
Can Tao,Can Tao,Can,Tao,0000-0002-3914-1877
Carla C. Winter,Carla C. Winter,Carla C.,Winter,0000-0003-3013-0394
Caroline Magnain,Caroline Magnain,Caroline,Magnain,0000-0003-4244-7380
Carter Palmer,Carter Palmer,Carter,Palmer,0000-0002-2385-2068
Catherine Dulac,Catherine Dulac,Catherine,Dulac,0000-0001-5024-5418
Chang Sin Park,Chang Sin Park,Chang Sin,Park,
Changkyu Lee,Changkyu Lee,Changkyu,Lee,0000-0001-6146-0404
Charles Cobbs,Charles Cobbs,Charles,Cobbs,0000-0001-7688-4293
Chelsea M. Pagan,Chelsea M. Pagan,Chelsea,Pagan,0000-0002-3932-9992
Cheng Wang,Cheng Wang,Cheng,Wang,
Chi Yun,Chi Yun,Chi,Yun,
Chiara Gerhardinger,Chiara Gerhardinger,Chiara,Gerhardinger,0000-0002-6113-0381
Chongyuan Luo,Chongyuan Luo,Chongyuan,Luo,0000-0002-8541-0695
Chris de-Koch,Chris de-Koch,Chris,de-Koch,
Christine Liu,Christine Liu,Christine,Liu,0000-0002-1239-4612
Christine Rimorin,Christine Rimorin,Christine,Rimorin,0000-0003-1491-8552
Christof Koch,Christof Koch,Christof,Koch,0000-0001-6482-8067
Christy S. Niemeyer,Christy S. Niemeyer,Christy S.,Niemeyer,
Chuanxi Zhao,Chuanxi Zhao,Chuanxi,Zhao,
Chuck Vanderburg,Charles Vanderburg,Charles,Vanderburg,0000-0001-8979-5054
Cindy van Velthoven,Cindy van Velthoven,Cindy,van Velthoven,0000-0001-5120-4546
Cristina Radaelli,Cristina Radaelli,Cristina,Radaelli,0000-0002-3255-2630
Daniel L. Silbergeld,Daniel L. Silbergeld,Daniel L.,Silbergeld,
Daniela DiBella,Daniela DiBella,Daniela,DiBella,
Darren Bertagnolli,Darren Bertagnolli,Darren,Bertagnolli,0000-0002-6626-1567
Darrick Lo,Darrick Lo,Darrick,Lo,0000-0002-5516-8607
David Boas,David Boas,David,Boas,0000-0002-6709-7711
David J Anderson,David J. Anderson,David J.,Anderson,0000-0001-6175-3872
David Uscher Gorkin,David Uscher Gorkin,David Uscher,Gorkin,0000-0003-4944-4107
Delissa McMillen,Delissa McMillen,Delissa,McMillen,0000-0002-3413-4424
Devani Cordero,Devani Cordero,Devani,Cordero,0000-0003-2846-4571
Diana O'Day,Diana O'Day,Diana,O'Day,
Diego Restrepo,Diego Restrepo,Diego,Restrepo,
Dinh Diep,Dinh Diep,Dinh,Diep,
Divya Varadarajan,Divya Varadarajan,Divya,Varadarajan,0000-0002-3517-9739
Dmitry Kobak,Dmitry Kobak,Dmitry,Kobak,0000-0002-5639-7209
Dmitry Velmeshev,Dmitry Velmeshev,Dmitry,Velmeshev,0000-0002-6491-7307
Dong-Wook Kim,Dong-Wook Kim,Dong-Wook,Kim,0000-0002-5497-5853
Ed Callaway,Ed Callaway,Ed,Callaway,
Ed Lein,Ed Lein,Ed,Lein,0000-0001-9012-6552
Edward Boyden,Edward Boyden,Edward,Boyden,
Edward Callaway,Edward Callaway,Edward,Callaway,0000-0002-6366-5267
Ehsan Habibi,Ehsan Habibi,Ehsan,Habibi,
Elise Shen,Elise Shen,Elise,Shen,0000-0002-3295-3928
Emma Boyd,Emma Boyd,Emma,Boyd,0000-0002-6922-8092
Eran A. Mukamel,Eran A. Mukamel,Eran,Mukamel,0000-0003-3203-9535
Erendira Garcia Pallares,Erendira Garcia Pallares,Erendira Garcia,Pallares,0000-0003-1524-6698
Eric Lander,Eric Lander,Eric,Lander,0000-0003-2662-4631
Eric Vaughn,Eric Vaughn,Eric,Vaughn,0000-0001-6522-2841
Evan Macosko,Evan Macosko,Evan,Macosko,0000-0002-2794-5165
Evan Murray,Evan Murray,Evan,Murray,
Evgenii Kegeles,Evgenii Kegeles,Evgenii,Kegeles,0000-0003-2638-0454
Fabiana Duarte,Fabiana Duarte,Fabiana,Duarte,0000-0002-1261-4929
Fangming Xie,Fangming Xie,Fangming,Xie,0000-0001-5232-1648
Federico Scala,Federico Scala,Federico,Scala,0000-0002-2680-8572
Fei Chen,Fei Chen,Fei,Chen,
Fenna Krienen,Fenna Krienen,Fenna,Krienen,0000-0002-1400-6820
Filippo Maria Castelli,Filippo Maria Castelli,Filippo Maria,Castelli,0000-0001-8170-8905
Francesco Pavone,Francesco Pavone,Francesco,Pavone,0000-0002-0675-3981
Francisco Lopera,Francisco Lopera,Francisco,Lopera,
Franco Cheli,Franco Cheli,Franco,Cheli,
Gabor Molnar,Gabor Molnar,Gabor,Molnar,
Gabor Tamas,Gabor Tamas,Gabor,Tamas,
Gabriel E. Romero,Gabriel E. Romero,Gabriel E.,Romero,0000-0002-6086-5546
Geraldine Duque Salazar,Geraldine Duque Salazar,Geraldine Duque,Salazar,
Giacomo Mazzamuto,Giacomo Mazzamuto,Giacomo,Mazzamuto,0000-0003-3077-3904
Gregory D. Horwitz,Gregory D. Horwitz,Gregory D.,Horwitz,0000-0001-5130-5259
Guang-Wei Zhang,Guang-Wei Zhang,Guangwei,Zhang,0000-0002-3228-1981
Guo-cheng Yuan,Guo-cheng Yuan,Guo-cheng,Yuan,0000-0002-2283-4714
Guoping Feng,Guoping Feng,Guoping,Feng,0000-0002-8021-277X
Hagen Tilgner,Hagen Tilgner,Hagen,Tilgner,0000-0002-7058-3606
Hanchuan Peng,Hanchuan Peng,Hanchuan,Peng,0000-0002-3478-3942
Hannah Indralingam,Hannah Indralingam,Hannah,Indralingam,0009-0000-1790-109X
Hanqing Liu,Hanqing Liu,Hanqing,Liu,0000-0002-5114-6048
Harris Kaplan,Harris Kaplan,Harris,Kaplan,0000-0002-8583-5714
Heather Zaniewski,Heather Zaniewski,Heather,Zaniewski,0000-0003-0239-9353
Hector Corrada Bravo,Hector Corrada Bravo,Hector Corrada,Bravo,0000-0002-1255-4444
Henry Jiao,Henry Jiao,Henry,Jiao,
Herman Tung,Herman Tung,Herman,Tung,0000-0002-0812-3318
Hong-Wei Dong,Hong-Wei Dong,Hong-Wei,Dong,0000-0001-9972-3177
Hongkui Zeng,Hongkui Zeng,Hongkui,Zeng,0000-0002-0326-5878
Houri Hintiryan,Houri Hintiryan,Houri,Hintiryan,0000-0002-9721-6785
Hui Gong,Hui Gong,Hui,Gong,0000-0001-5519-6248
Hui Wang,Hui Wang,Hui,Wang,0000-0003-0181-5845
Huib Mansvelder,Huib Mansvelder,Huib,Mansvelder,0000-0003-1365-5340
Huizhong Tao,Huizhong Tao,Huizhong,Tao,0000-0002-3660-0513
I-Chun Anderson Chen,I-Chun Anderson Chen,I-Chun Anderson,Chen,0000-0001-6110-5285
Ian Bowman,Ian Bowman,Ian,Bowman,0000-0001-7366-9192
Irene Costantini,Irene Costantini,Irene,Costantini,0000-0002-8464-7324
Jacinta Lucero,Jacinta Lucero,Jacinta,Lucero,
Jack Waters,Jack Waters,Jack,Waters,0000-0002-2312-4183
Jackson Nolan,Jackson Nolan,Jackson,Nolan,0000-0001-7215-9107
James Webber,James Webber,James,Webber,0000-0001-8594-9888
Jamie Marshall,Jamie Marshall,Jamie,Marshall,0000-0002-2364-391X
Jason Buenrostro,Jason Buenrostro,Jason,Buenrostro,0000-0001-9958-3987
Jay Ashok Shendure,Jay Ashok Shendure,Jay Ashok,Shendure,0000-0002-1516-1865
Jay Ma,Jay Ma,Jay,Ma,
Jayaram Chandrashekar,Jayaram Chandrashekar,Jayaram,Chandrashenkar,
Jayaram Kancherla,Jayaram Kancherla,Jayaram,Kancherla,0000-0001-5855-5031
Jazmin Campos,Jazmin Campos,Jazmin,Campos,0000-0002-9384-9913
Jean Augustinack,Jean Augustinack,Jean,Augustinack,0000-0001-7198-2548
Jee Yun Han,Jee Yun Han,Jee Yun,Han,
Jeff Goldy,Jeff Goldy,Jeff,Goldy,0000-0001-5140-6922
Jeffrey G. Ojemann,Jeffrey G. Ojemann,Jeffrey G.,Ojemann,0000-0001-7580-8934
Jeremy Miller,Jeremy Miller,Jeremy,Miller,0000-0003-4549-588X
Jeroen Eggermont,Jeroen Eggermont,Jeroen,Eggermont,0000-0003-0361-9469
Jerold Chun,Jerold Chun,Jerold,Chun,0000-0003-3964-0921
Jesse Gillis,Jesse Gillis,Jesse,Gillis,0000-0002-0936-9774
Jessie Laffey,Jessie Laffey,Jessie,Laffey,0000-0002-7473-5558
Jiarui Yang,Jiarui Yang,Jiarui,Yang,0000-0003-2759-776X
Jing Tang,Jing Tang,Jing,Tang,
Jinghui Song,Jinghui Song,Jinghui,Song,0000-0003-2225-7977
Jingjing Li,Jingjing Li,Jingjing,Li,
Jocelyn Mora,Jocelyn Mora,Jocelyn,Mora,0000-0002-4241-408X
Johana Gomez,Johana Gomez,Johana,Gomez,
John Fullard,John Fullard,John,Fullard,0000-0001-9874-2907
John K. Mich,John K. Mich,John K.,Mich,0000-0002-1626-1139
Jon Bezney,Jon Bezney,Jon,Bezney,0000-0003-2233-4792
Jonah Langlieb,Jonah Langlieb,Jonah,Langlieb,0000-0002-9949-1123
Jonatan Perez,Jonatan Perez,Jonatan,Perez,
Jonathan Ting,Jonathan Ting,Jonathan,Ting,0000-0001-8266-0392
Jordan Norwood,Jordan Norwood,Jordan,Norwood,0000-0001-8093-5938
Josef Sulc,Josef Sulc,Josef,Sulc,0000-0002-4928-7183
Joseph Ecker,Joseph Ecker,Joseph,Ecker,0000-0001-5799-5895
Joseph R. Nery,Joseph R. Nery,Joseph R.,Nery,0000-0003-0153-5659
Josephine Liwang,Josephine Liwang,Josephine,Liwang,0000-0003-2140-7048
Josephine Ramazzotti,Josephine Ramazzotti,Josephine,Ramazzotti,
Joshua Orvis,Joshua Orvis,Joshua,Orvis,0000-0002-5705-5710
Juan Eugenio Iglesias Gonzalez,Juan Eugenio Iglesias,Juan Eugenio,Iglesias,0000-0001-7569-173X
Juhyuk Park,Juhyuk Park,Juhyuk,Park,0000-0002-1429-3399
Julia Osteen,Julia Osteen,Julia,Osteen,0000-0001-7058-3297
Juliana Brown,Juliana Brown,Juliana,Brown,0000-0002-0412-8197
Julie Harris,Julie Harris,Julie,Harris,0000-0003-0820-2021
Junfeng Su,Junfeng Su,Junfeng,Su,0000-0002-3415-5655
Junitta Guzman,Junitta Guzman,Junitta,Guzman,0000-0001-8217-9232
Junjie Hao,Junjie Hao,Junjie,Hao,
Junjie Zhu,Junjie Zhu,Junjie,Zhu,
Kai Zhang,Kai Zhang,Kai,Zhang,
Kanan Lathia,Kanan Lathia,Kanan,Lathia,0000-0003-0080-1951
Karol Balderrama,Karol Balderrama,Karol,Balderrama,0000-0001-8458-1364
Katelyn Flowers,Katelyn Flowers,Katelyn,Flowers,0000-0002-0135-7859
Kathleen Kelly,Kathleen Kelly,Kathleen,Kelly,
Kathryn Evancic,Kathryn Evancic,Kathryn,Evancic,0000-0002-8911-1334
Katie Matho,Katie Matho,Katie,Matho,0000-0002-6105-4219
Katsuya Colon,Katsuya Colón,Katsuya,Colón,0000-0002-7347-6128
Kenny Chiou,Kenneth L. Chiou,Kenneth L.,Chiou,0000-0001-7247-4107
Kimberly Conklin,Kimberly Conklin,Kimberly,Conklin,0000-0001-8141-064X
Kimberly Nestor,Kimberly Nestor,Kimberly,Nestor,0000-0002-3178-1300
Kimberly Siletti,Kimberly Siletti,Kimberly,Siletti,0000-0001-7620-8973
Kimberly Smith,Kimberly Smith,Kimberly,Smith,0000-0002-3142-1970
Kirsten Crichton,Kirsten Crichton,Kirsten,Crichton,0000-0002-7869-1492
Kirsten Levandowski,Kirsten Levandowski,Kirsten,Levandowski,0000-0002-4811-9217
Kun Gao,Kun Gao,Kun,Gao,
Kun Zhang,Kun Zhang,Kun,Zhang,0000-0002-7596-5224
Kwanghun Chung,Kwanghun Chung,Kwanghun,Chung,0000-0003-4243-6091
Kwanho Kim,Kwanho Kim,Kwanho,Kim,0000-0002-4448-3193
Kyra T. Newmaster,Kyra T. Newmaster,Kyra T.,Newmaster,0000-0002-5544-1220
Laetitia Merle,Laetitia Merle,Laetitia,Merle,0000-0001-5496-9253
Lauren DeLorenzo,Lauren DeLorenzo,Lauren,DeLorenzo,0000-0003-2616-0494
Lauren Kruse,Lauren Kruse,Lauren,Kruse,0000-0002-3428-2443
Lea M. Starita,Lea M. Starita,Lea M.,Starita,0000-0003-2870-5099
Leah Morgan,Leah Morgan,Leah,Morgan,0000-0001-6859-734X
Leeyup Chung,Leeyup Chung,Leeyup,Chung,
Lei Qu,Lei Qu,Lei,Qu,
Li Wang,Li Wang,Li,Wang,0000-0001-9510-6294
Li Zhang,Li Zhang,Li,Zhang,
Lijuan Liu,Lijuan Liu,Lijuan,Liu,0000-0002-9548-6183
Lin Gou,Lin Gou,Lin,Gou,
Lin Lin,Lin Lin,Lin,Lin,
Liya Ding,Liya Ding,Liya,Ding,
Long Cai,Long Cai,Long,Cai,
Luca Pesce,Luca Pesce,Luca,Pesce,0000-0002-5863-399X
Lucas Graybuck,Lucas Graybuck,Lucas,Graybuck,0000-0002-8814-6818
Lucia Madrigal,Lucia Madrigal,Lucia,Madrigal,
Ludovico Silvestri,Ludovico Silvestri,Ludovico,Silvestri,0000-0001-9215-9104
Luke Esposito,Luke Esposito,Luke,Esposito,0000-0002-3596-9126
Makenzie C. Tomihiro,Makenzie C. Tomihiro,Makenzie C.,Tomihiro,
Marcus Hooper,Marcus Hooper,Marcus,Hooper,0000-0003-1228-5958
Margarita Behrens,M. Margarita Behrens,M. Margarita,Behrens,0000-0002-7168-8186
Maria A. Nagel,Maria A. Nagel,Maria A.,Nagel,
Marina Scardigli,Marina Scardigli,Marina,Scardigli,0000-0003-2438-2923
Mario Skarica,Mario Skarica,Mario,Skarica,0000-0002-2478-014X
Marmar Moussa,Marmar Moussa,Marmar,Moussa,0000-0003-0574-6656
Martin O. Bohlen,Martin O. Bohlen,Martin O.,Bohlen,0000-0001-6522-146X
Matt Keefe,Matt Keefe,Matt,Keefe,0000-0002-2477-2975
Matt Mallory,Matt Mallory,Matt,Mallory,0000-0002-8744-3837
Matteo Roffilli,Matteo Roffilli,Matteo,Roffilli,0000-0002-7554-4470
Matthew Frosch,Matthew Frosch,Matthew,Frosch,
Matthew Kroll,Matthew Kroll,Matthew,Kroll,0000-0002-0126-7618
Matthew Vera,Matthew Vera,Matthew,Vera,0000-0003-2854-8775
Medea McGraw,Medea McGraw,Medea,McGraw,0000-0001-5267-489X
Megan Crow,Megan Crow,Megan,Crow,0000-0002-1172-5897
Melissa Goldman,Melissa Goldman,Melissa,Goldman,
Meng Zhang,Meng Zhang,Meng,Zhang,0000-0002-9753-0635
Mengyu Liu,Mengyu Liu,Mengyu,Liu,
Merina Varghese,Merina Varghese,Merina,Varghese,0000-0002-1517-3903
Michael J. Montague,Michael J. Montague,Michael J.,Montague,0000-0003-0253-4404
Michael Kunst,Michael Kunst,Michael,Kunst,0000-0003-4159-8056
Michael Miller,Michael Miller,Michael,Miller,
Michael Platt,Michael L. Platt,Michael L.,Platt,0000-0003-3912-8821
Michael Tieu,Michael Tieu,Michael,Tieu,0000-0001-9286-5623
Mike Hawrylycz,Mike Hawrylycz,Mike,Hawrylycz,0000-0002-5741-8024
Mike Nunn,Michael Nunn,Michael,Nunn,0000-0002-6771-9912
Mitchell Rudd,Mitchell Rudd,Mitchell,Rudd,0000-0002-1752-4770
Mohamed N. Djekidel,Mohamed N. Djekidel,Mohamed N.,Djekidel,0000-0001-5361-1858
Morgan Fogarty,Morgan Fogarty,Morgan,Fogarty,0000-0003-1334-1923
Naeem Nadaf,Naeem Nadaf,Naeem,Nadaf,0000-0002-7805-8523
Nafiseh Yavari,Nafiseh Yavari,Nafiseh,Yavari,0000-0003-1516-5628
Naomi Martin,Naomi Martin,Naomi,Martin,0000-0002-0034-1628
Nasmil Valera Cuevas,Nasmil Valera Cuevas,Nasmil Valera,Cuevas,0000-0002-9846-3796
Nathan Guilford,Nathan Guilford,Nathan,Guilford,0000-0002-6188-7333
Nathan Zemke,Nathan Zemke,Nathan,Zemke,0000-0002-6326-5925
Nenad Sestan,Nenad Sestan,Nenad,Sestan,0000-0003-0966-9619
Niamh Brady,Niamh Brady,Niamh,Brady,
Nick Dee,Nick Dee,Nick,Dee,0000-0002-2831-9254
Nick Foster,Nick Foster,Nick,Foster,
Nick Johnson,Nicholas D. Johnson,Nicholas D.,Johnson,0000-0003-3229-6849
Nico Pierson,Nico Pierson,Nico,Pierson,0000-0002-2451-0633
Nikolai Dembrow,Nikolai Dembrow,Nikolai,Dembrow,0000-0002-7699-6591
Nikolas Jorstad,Nikolas Jorstad,Nikolas,Jorstad,0000-0001-7906-9470
Nina Sachdev,Nina Sachdev,Nina,Sachdev,0000-0001-6059-0581
Ning Wang,Ning Wang,Ning,Wang,
Noah Snyder-Mackler,Noah Snyder-Mackler,Noah,Snyder-Mackler,0000-0003-3026-6160
Nongluk Plongthongkum,Nongluk Plongthongkum,Nongluk,Plongthongkum,0000-0002-1305-285X
Nora Emerson,Nora Emerson,Nora,Emerson,0000-0001-7344-4487
Nora M. Reed,Nora M. Reed,Nora M.,Reed,0000-0003-0408-1568
Olivier Poirion,Olivier Poirion,Olivier,Poirion,0000-0002-0429-7003
Owen White,Owen White,Owen,White,0000-0001-7406-7361
Panos Roussos,Panos Roussos,Panos,Roussos,0000-0002-4640-6239
Paola Arlotta,Paola Arlotta,Paola,Arlotta,0000-0003-2184-2277
Partha Mitra,Partha Mitra,Partha,Mitra,
Patrick Hof,Patrick Hof,Patrick,Hof,0000-0002-3208-1154
Paul Olsen,Paul Olsen,Paul,Olsen,0000-0001-8132-3722
Pavel Osten,Pavel Osten,Pavel,Osten,0000-0002-6385-7541
Peng Xie,Peng Xie,Peng,Xie,0000-0002-9509-7268
Peter Kharchenko,Peter Kharchenko,Peter,Kharchenko,0000-0002-6036-5875
Pratishtha Guckhool,Pratishtha Guckhool,Pratishtha,Guckhool,0000-0002-6888-7897
Qian Yang,Qian Yang,Qian,Yang,
Qing Wang,Qing Wang,Qing,Wang,
Qingming Luo,Qingming Luo,Qingming,Luo,0000-0002-6725-9311
Qiwen Hu,Qiwen Hu,Qiwen,Hu,0000-0003-2798-919X
Quanxin Wang,Quanxin Wang,Quanxin,Wang,0000-0002-0007-7935
Rachel Dalley,Rachel Dalley,Rachel,Dalley,0000-0001-7461-7845
Ramesh Palaniswamy,Ramesh Palaniswamy,Ramesh,Palaniswamy,0000-0003-4322-2407
Rebecca Betty,Rebecca Betty,Rebecca,Betty,0000-0003-1009-3848
Rebecca de Frates,Rebecca de Frates,Rebecca,de Frates,0000-0002-7820-093X
Rebecca Hodge,Rebecca Hodge,Rebecca,Hodge,0000-0002-5784-9668
Renchao Chen,Renchao Chen,Renchao,Chen,0000-0002-5332-7192
Renee Zhang,Renee Zhang,Renee,Zhang,
Richard G. Ellenbogen,Richard G. Ellenbogen,Richard G.,Ellenbogen,0000-0002-3463-1009
Richard H. Scheuermann,Richard H. Scheuermann,Richard H.,Scheuermann,0000-0003-1355-892X
Robert Frost,Robert Frost,Robert,Frost,0000-0002-2849-9240
Rogeny Herisse,Rogeny Herisse,Rogeny,Herisse,0009-0006-4373-5666
Rongxin Fang,Rongxin Fang,Rongxin,Fang,0000-0003-0107-7504
Ronna Hertzano,Ronna Hertzano,Ronna,Hertzano,0000-0002-8093-6567
Rosa Castanon,Rosa Castanon,Rosa,Castanon,
Rusty Nicovich,Rusty Nicovich,Rusty,Nicovich,
Ruth V. Nichols,Ruth V. Nichols,Ruth V.,Nichols,0000-0002-8810-1126
Ryan J. Donahue,Ryan J. Donahue,Ryan J.,Donahue,
Ryan Ziffra,Ryan Ziffra,Ryan,Ziffra,0000-0002-8602-3064
Ryder P. Gwinn,Ryder P. Gwinn,Ryder P.,Gwinn,0000-0002-5849-7975
Samantha Kuan,Samantha Kuan,Samantha,Kuan,
Samantha Serrano,Samantha Serrano,Samantha,Serrano,
Sara Sime,Sara Sime,Sara,Sime,
Saroja Somasundaram,Saroja Somasundaram,Saroja,Somasundaram,0000-0002-3729-9849
Scott Owen,Scott Owen,Scott,Owen,0000-0001-6294-7513
Sean Young,Sean Young,Sean,Young,
Sebastian Preissl,Sebastian Preissl,Sebastian,Preissl,0000-0001-8971-5616
Seth Ament,Seth Ament,Seth,Ament,0000-0001-6443-7509
Seth Frietze,Seth Frietze,Seth,Frietze,0000-0003-4058-3661
Shahul Alam,Shahul Alam,Shahul,Alam,
Shengdian Jiang,Shengdian Jiang,Shengdian,Jiang,0000-0002-2277-263X
Shenqin Yao,Shenqin Yao,Shenqin,Yao,
Shih-Chi Chen,Shih-Chi Chen,Shih-Chi,Chen,0000-0002-4935-8412
Shiwei Zheng,Shiwei Zheng,Shiwei,Zheng,0000-0001-6682-6743
Shuaibin Chang,Shuaibin Chang,Shuaibin,Chang,0000-0003-3416-7290
Shuguang Yu,Shuguang Yu,Shuguang,Yu,
Song-Lin Ding,Song-Lin Ding,Song-Lin,Ding,0000-0002-7072-5272
Songpeng Zu,Songpeng Zu,Songpeng,Zu,0000-0001-9753-5623
Sophia Raia,Sophia Raia,Sophia,Raia,0000-0003-3859-8442
Spencer Collin,Spencer Collin,Spencer,Collin,
Staci A. Sorensen,Staci A. Sorensen,Staci A.,Sorensen,
Sten Linnarsson,Sten Linnarsson,Sten,Linnarsson,0000-0002-3491-3444
Stephan Fischer,Stephan Fischer,Stephan,Fischer,0000-0002-7034-4103
Stephen Eichhorn,Stephen Eichhorn,Stephen,Eichhorn,0000-0003-4101-273X
Steven McCarroll,Steven McCarroll,Steven,McCarroll,0000-0002-6954-8184
Surya Nagaraja,Surya Nagaraja,Surya,Nagaraja,0000-0001-8297-069X
Susan Sunkin,Susan Sunkin,Susan,Sunkin,0000-0001-9893-3834
Tamara Casper,Tamara Casper,Tamara,Casper,0000-0003-1638-3651
Tanya Daigle,Tanya Daigle,Tanya,Daigle,0000-0001-9700-8452
Tay Won Shin,Tay Won Shin,Tay Won,Shin,0000-0002-0061-522X
Tereza Clearance,Tereza Clearance,Tereza,Clearance,
Thanh Pham,Thanh Pham,Thanh,Pham,
Thomas Höllt,Thomas Höllt,Thomas,Höllt,
Thuc Nguyen,Thuc Nguyen,Thuc,Nguyen,0000-0002-6466-5883
Timothy R. Blosser,Timothy R. Blosser,Timothy R.,Blosser,0000-0002-7739-922X
Timothy Tickle,Timothy Tickle,Timothy,Tickle,0000-0002-6592-6272
Tom Chartrand,Tom Chartrand,Tom,Chartrand,0000-0002-7093-8681
Tomasz Nowakowski,Tomasz Nowakowski,Tomasz,Nowakowski,
Trangthanh Pham,Trangthanh Pham,Trangthanh,Pham,0000-0002-4738-5062
Trisha M. Zintel,Trisha M. Zintel,Trisha M.,Zintel,
Trygve Bakken,Trygve Bakken,Trygve,Bakken,0000-0003-3373-7386
Ulrich Mueller,Ulrich Mueller,Ulrich,Mueller,
Velina Kozareva,Velina Kozareva,Velina,Kozareva,
Vijay Ramakrishnan,Vijay Ramakrishnan,Vijay,Ramakrishnan,
Vladislav Gavryusev,Vladislav Gavryusev,Vladislav,Gavryusev,0000-0001-7734-7828
Vy Vuong,Vy Vuong,Vy,Vuong,
Wei Tian,Wei Tian,Wei,Tian,0000-0002-2146-1717
Wei Xie,Wei Xie,We,Xie,
Weixiu Dong,Weixiu Dong,Weixiu,Dong,0000-0003-1059-5653
Wen Hu,Wen Hu,Wen,Hu,
Wendy Macklin,Wendy Macklin,Wendy,Macklin,0000-0002-1252-0607
William Ammon,William Ammon,William,Ammon,0000-0002-8952-979X
William J. Spain,William J. Spain,William J.,Spain,
William Romanow,William Romanow,William,Romanow,
Won Jung,Won Jung,Won,Jung,0000-0003-2810-5528
X. William Yang,X. William Yang,William,Yang,0000-0003-3705-7935
Xiangning Li,Xiangning Li,Xiangning,Li,0000-0002-3747-2824
Xiao-Ping Liu,Xiao-Ping Liu,Liu,Xiao-Ping,
Xiaomeng Hou,Xiaomeng Hou,Xiaomeng,Hou,
Xiaowei Zhuang,Xiaowei Zhuang,Xiaowei,Zhuang,0000-0002-6034-7853
Xin Wang,Xin Wang,Xin,Wang,0000-0001-9546-6038
Xingfan Huang,Xingfan Huang,Xingfan,Huang,0000-0001-6280-9743
Xingjie Pan,Xingjie Pan,Xingjie,Pan,0000-0002-0060-4352
Xinxin Wang,Xinxin Wang,Xinxin,Wang,
Xinyi Wang,Xinyi Wang,Xinyi,Wang,
Xiuli Kuang,Xiuli Kuang,Xiuli,Kuang,0000-0001-7569-7605
Xuan Song,Xuan Song,Xuan,Song,
Yael Balbastre,Yael Balbastre,Yael,Balbastre,0000-0001-8758-9978
Yang Eric Li,Yang Eric Li,Yang Eric,Li,0000-0001-6997-6018
Yang Li,Yang Li,Yang,Li,0000-0001-6997-6018
Yi Zhang,Yi Zhang,Yi,Zhang,
Yida Zhang,Yida Zhang,Yida,Zhang,
Yimin Wang,Yimin Wang,Yimin,Wang,0009-0006-3582-3906
Yimin Zou,Yimin Zou,Yimin,Zou,
Yiming Zhang,Yiming Zhang,Yiming,Zhang,
Yongsoo Kim,Yongsoo Kim,Yongsoo,Kim,0000-0002-4277-0279
Yu Zhang,Yu Zhang,Yu,Zhang,
Yuanyuan Liu,Yuanyuan Liu,Yuanyuan,Liu,
Yuelai Wang,Yuelai Wang,Yuelai,Wang,0009-0005-5601-8829
Yun Wang,Yun Wang,Yun,Wang,
Yunjiang Qiu,Yunjiang Qiu,Yunjiang,Qiu,0000-0002-0539-9714
Z. Josh Huang,Z. Josh Huang,Z. Josh,Huang,0000-0003-0592-028X
Zhaoning Wang,Zhaoning Wang,Zhaoning,Wang,0000-0002-0290-4746
Zhengzheng S. Liang,Zhengzheng S. Liang,Zhengzheng S.,Liang,0000-0002-3969-4199
Zhigang He,Zhigang He,Zhigang,He,
Zhiyun Yang,Zhiyun Yang,Zhiyun,Yang,
Zicong Zhang,Zicong Zhang,Zicong,Zhang,
Ziyang Zhang,Ziyang Zhang,Ziyang,Zhang,
Zizhen Yao,Zizhen Yao,Zizhen,Yao,0000-0002-9361-5607
Zongcai Ruan,Zongcai Ruan,Zongcai,Ruan,0000-0003-1547-165X
